-- MySQL Script with test data for mydb database
-- Generated with 50 records per table

SET @OLD_UNIQUE_CHECKS=@@UNIQUE_CHECKS, UNIQUE_CHECKS=0;
SET @OLD_FOREIGN_KEY_CHECKS=@@FOREIGN_KEY_CHECKS, FOREIGN_KEY_CHECKS=0;
SET @OLD_SQL_MODE=@@SQL_MODE, SQL_MODE='ONLY_FULL_GROUP_BY,STRICT_TRANS_TABLES,NO_ZERO_IN_DATE,NO_ZERO_DATE,ERROR_FOR_DIVISION_BY_ZERO,NO_ENGINE_SUBSTITUTION';

-- -----------------------------------------------------
-- Schema mydb
-- -----------------------------------------------------
CREATE SCHEMA IF NOT EXISTS `mydb` DEFAULT CHARACTER SET utf8;
USE `mydb`;

-- -----------------------------------------------------
-- Table `mydb`.`Status_client`
-- -----------------------------------------------------
CREATE TABLE IF NOT EXISTS `mydb`.`Status_client` (
  `ID_Status_client` INT NOT NULL AUTO_INCREMENT,
  `status` VARCHAR(45) NULL,
  PRIMARY KEY (`ID_Status_client`))
ENGINE = InnoDB;

-- Insert data into Status_client (4 статуса)
INSERT INTO `mydb`.`Status_client` (`status`) VALUES
('Идет строительство'), 
('Подписываем договор'), 
('Буфер'), 
('Завершён');

-- -----------------------------------------------------
-- Table `mydb`.`Role_worker`
-- -----------------------------------------------------
CREATE TABLE IF NOT EXISTS `mydb`.`Role_worker` (
  `ID_Role` INT NOT NULL AUTO_INCREMENT,
  `Role` VARCHAR(45) NOT NULL,
  PRIMARY KEY (`ID_Role`))
ENGINE = InnoDB;

-- Insert data into Role_worker (3 роли)
INSERT INTO `mydb`.`Role_worker` (`Role`) VALUES
('Админ'), 
('Менеджер'), 
('Руководитель');

-- -----------------------------------------------------
-- Table `mydb`.`connection_contract_object`
-- -----------------------------------------------------
CREATE TABLE IF NOT EXISTS `mydb`.`connection_contract_object` (
  `idconnection_contract_object` INT NOT NULL AUTO_INCREMENT,
  PRIMARY KEY (`idconnection_contract_object`))
ENGINE = InnoDB;

-- Insert data into connection_contract_object (50 records)
INSERT INTO `mydb`.`connection_contract_object` (`idconnection_contract_object`) VALUES
(1),(2),(3),(4),(5),(6),(7),(8),(9),(10),
(11),(12),(13),(14),(15),(16),(17),(18),(19),(20),
(21),(22),(23),(24),(25),(26),(27),(28),(29),(30),
(31),(32),(33),(34),(35),(36),(37),(38),(39),(40),
(41),(42),(43),(44),(45),(46),(47),(48),(49),(50);

-- -----------------------------------------------------
-- Table `mydb`.`Clients`
-- -----------------------------------------------------
CREATE TABLE IF NOT EXISTS `mydb`.`Clients` (
  `ID_Client` INT UNSIGNED NOT NULL AUTO_INCREMENT,
  `ID_contract` INT UNSIGNED NOT NULL,
  `FullName_client` VARCHAR(70) NOT NULL,
  `phone` VARCHAR(45) NOT NULL,
  `Age` INT NOT NULL,
  `Status` VARCHAR(45) NOT NULL,
  `Qualified_lead` VARCHAR(45) NOT NULL,
  `Status_client_ID_Status_client` INT NOT NULL,
  `LTV` INT NULL,
  PRIMARY KEY (`ID_Client`),
  INDEX `fk_Clients_Status_client1_idx` (`Status_client_ID_Status_client` ASC) VISIBLE,
  CONSTRAINT `fk_Clients_Status_client1`
    FOREIGN KEY (`Status_client_ID_Status_client`)
    REFERENCES `mydb`.`Status_client` (`ID_Status_client`)
    ON DELETE NO ACTION
    ON UPDATE NO ACTION)
ENGINE = InnoDB;

-- Insert data into Clients (50 records) с обновленными ID_contract и статусами
INSERT INTO `mydb`.`Clients` (`ID_contract`, `FullName_client`, `phone`, `Age`, `Status`, `Qualified_lead`, `Status_client_ID_Status_client`, `LTV`) VALUES
(1, 'Иванов Александр Сергеевич', '+79161234567', 35, 'Active', 'Yes', 1, 50000),
(2, 'Петрова Мария Владимировна', '+79162345678', 28, 'Active', 'Yes', 1, 75000),
(3, 'Сидоров Дмитрий Петрович', '+79163456789', 42, 'Pending', 'No', 2, 25000),
(4, 'Кузнецова Анна Игоревна', '+79164567890', 31, 'Active', 'Yes', 1, 60000),
(5, 'Васильев Павел Александрович', '+79165678901', 45, 'VIP', 'Yes', 4, 150000),
(6, 'Николаева Екатерина Сергеевна', '+79166789012', 29, 'Active', 'Yes', 1, 45000),
(7, 'Морозов Иван Дмитриевич', '+79167890123', 38, 'Inactive', 'No', 3, 30000),
(8, 'Орлова Татьяна Викторовна', '+79168901234', 33, 'Active', 'Yes', 1, 55000),
(9, 'Федоров Сергей Николаевич', '+79169012345', 41, 'Premium', 'Yes', 4, 120000),
(10, 'Жукова Ольга Павловна', '+79160123456', 26, 'New', 'No', 2, 20000),
(11, 'Громов Алексей Владимирович', '+79161234567', 39, 'Active', 'Yes', 1, 48000),
(12, 'Белова Ирина Александровна', '+79162345678', 32, 'Loyal', 'Yes', 4, 90000),
(13, 'Киселев Максим Олегович', '+79163456789', 44, 'Active', 'Yes', 1, 52000),
(14, 'Семенова Наталья Дмитриевна', '+79164567890', 30, 'Pending', 'No', 2, 28000),
(15, 'Тихонов Андрей Сергеевич', '+79165678901', 36, 'VIP', 'Yes', 4, 110000),
(16, 'Мельникова Виктория Игоревна', '+79166789012', 27, 'Active', 'Yes', 1, 42000),
(17, 'Захаров Роман Петрович', '+79167890123', 40, 'Inactive', 'No', 3, 32000),
(18, 'Соколова Елена Васильевна', '+79168901234', 34, 'Active', 'Yes', 1, 58000),
(19, 'Павлов Денис Александрович', '+79169012345', 43, 'Premium', 'Yes', 4, 130000),
(20, 'Воробьева Марина Сергеевна', '+79160123456', 25, 'New', 'No', 2, 22000),
(21, 'Яковлев Артем Игоревич', '+79161234567', 37, 'Active', 'Yes', 1, 49000),
(22, 'Новикова Юлия Андреевна', '+79162345678', 31, 'Loyal', 'Yes', 4, 85000),
(23, 'Григорьев Евгений Викторович', '+79163456789', 46, 'Active', 'Yes', 1, 54000),
(24, 'Ковалева Анастасия Павловна', '+79164567890', 29, 'Pending', 'No', 2, 26000),
(25, 'Соловьев Владислав Олегович', '+79165678901', 35, 'VIP', 'Yes', 4, 140000),
(26, 'Егорова Ксения Дмитриевна', '+79166789012', 28, 'Active', 'Yes', 1, 46000),
(27, 'Борисов Константин Сергеевич', '+79167890123', 39, 'Inactive', 'No', 3, 34000),
(28, 'Романова Алиса Александровна', '+79168901234', 33, 'Active', 'Yes', 1, 56000),
(29, 'Власов Михаил Игоревич', '+79169012345', 42, 'Premium', 'Yes', 4, 125000),
(30, 'Максимова Дарья Викторовна', '+79160123456', 26, 'New', 'No', 2, 24000),
(31, 'Филиппов Игорь Николаевич', '+79161234567', 38, 'Active', 'Yes', 1, 51000),
(32, 'Данилова Вероника Сергеевна', '+79162345678', 32, 'Loyal', 'Yes', 4, 95000),
(33, 'Александров Станислав Петрович', '+79163456789', 47, 'Active', 'Yes', 1, 53000),
(34, 'Степанова Людмила Андреевна', '+79164567890', 30, 'Pending', 'No', 2, 27000),
(35, 'Макаров Виталий Олегович', '+79165678901', 36, 'VIP', 'Yes', 4, 135000),
(36, 'Калинина Ева Дмитриевна', '+79166789012', 27, 'Active', 'Yes', 1, 44000),
(37, 'Зайцев Геннадий Сергеевич', '+79167890123', 41, 'Inactive', 'No', 3, 36000),
(38, 'Медведева София Александровна', '+79168901234', 34, 'Active', 'Yes', 1, 57000),
(39, 'Ершов Артур Игоревич', '+79169012345', 44, 'Premium', 'Yes', 4, 128000),
(40, 'Чернова Ангелина Викторовна', '+79160123456', 25, 'New', 'No', 2, 23000),
(41, 'Михайлов Руслан Николаевич', '+79161234567', 37, 'Active', 'Yes', 1, 47000),
(42, 'Ильина Валерия Сергеевна', '+79162345678', 31, 'Loyal', 'Yes', 4, 88000),
(43, 'Тимофеев Георгий Петрович', '+79163456789', 48, 'Active', 'Yes', 1, 59000),
(44, 'Фомина Кристина Андреевна', '+79164567890', 29, 'Pending', 'No', 2, 29000),
(45, 'Щербаков Вадим Олегович', '+79165678901', 35, 'VIP', 'Yes', 4, 145000),
(46, 'Денисова Арина Дмитриевна', '+79166789012', 28, 'Active', 'Yes', 1, 43000),
(47, 'Семенов Валерий Сергеевич', '+79167890123', 40, 'Inactive', 'No', 3, 38000),
(48, 'Гусева Элина Александровна', '+79168901234', 33, 'Active', 'Yes', 1, 61000),
(49, 'Крылов Антон Игоревич', '+79169012345', 45, 'Premium', 'Yes', 4, 132000),
(50, 'Осипова Ульяна Викторовна', '+79160123456', 26, 'New', 'No', 2, 21000);

-- -----------------------------------------------------
-- Table `mydb`.`worker`
-- -----------------------------------------------------
CREATE TABLE IF NOT EXISTS `mydb`.`worker` (
  `ID_worker` INT NOT NULL AUTO_INCREMENT,
  `ID_role` INT NULL,
  `ID_Clientsl` VARCHAR(45) NOT NULL,
  `FIO` VARCHAR(100) NULL,
  `Возраст` INT NULL,
  `phone` VARCHAR(45) NOT NULL,
  `Role_worker_ID_Role` INT NOT NULL,
  PRIMARY KEY (`ID_worker`),
  UNIQUE INDEX `ID_worker_UNIQUE` (`ID_worker` ASC) VISIBLE,
  INDEX `fk_worker_Role_worker1_idx` (`Role_worker_ID_Role` ASC) VISIBLE,
  CONSTRAINT `fk_worker_Role_worker1`
    FOREIGN KEY (`Role_worker_ID_Role`)
    REFERENCES `mydb`.`Role_worker` (`ID_Role`)
    ON DELETE NO ACTION
    ON UPDATE NO ACTION)
ENGINE = InnoDB;

-- Insert data into worker (50 records) с обновленными ролями и ID_Clientsl, соответствующими ID_Client
INSERT INTO `mydb`.`worker` (`ID_role`, `ID_Clientsl`, `FIO`, `Возраст`, `phone`, `Role_worker_ID_Role`) VALUES
(1, '1', 'Смирнов Алексей Владимирович', 32, '+79161111111', 1),
(2, '2', 'Козлова Елена Михайловна', 28, '+79162222222', 2),
(3, '3', 'Лебедев Дмитрий Сергеевич', 35, '+79163333333', 3),
(1, '4', 'Новикова Ирина Петровна', 30, '+79164444444', 1),
(2, '5', 'Морозов Андрей Николаевич', 40, '+79165555555', 2),
(3, '6', 'Волкова Светлана Александровна', 29, '+79166666666', 3),
(1, '7', 'Алексеев Павел Игоревич', 33, '+79167777777', 1),
(2, '8', 'Павлова Ольга Викторовна', 31, '+79168888888', 2),
(3, '9', 'Семенов Роман Дмитриевич', 38, '+79169999999', 3),
(1, '10', 'Фролова Марина Сергеевна', 27, '+79161010101', 1),
(2, '11', 'Голубев Иван Алексеевич', 34, '+79162121212', 2),
(3, '12', 'Кудрявцева Анна Андреевна', 26, '+79163232323', 3),
(1, '13', 'Беляев Сергей Владимирович', 36, '+79164343434', 1),
(2, '14', 'Маркова Татьяна Олеговна', 32, '+79165454545', 2),
(3, '15', 'Тарасов Виктор Петрович', 41, '+79166565656', 3),
(1, '16', 'Власова Екатерина Игоревна', 28, '+79167676767', 1),
(2, '17', 'Миронов Артем Сергеевич', 35, '+79168787878', 2),
(3, '18', 'Журавлева Надежда Александровна', 30, '+79169898989', 3),
(1, '19', 'Савельев Денис Николаевич', 39, '+79160909090', 1),
(2, '20', 'Рыбакова Любовь Викторовна', 29, '+79162020202', 2),
(3, '21', 'Суханов Максим Олегович', 33, '+79163131313', 3),
(1, '22', 'Маслова Юлия Дмитриевна', 25, '+79164242424', 1),
(2, '23', 'Ефимов Александр Сергеевич', 37, '+79165353535', 2),
(3, '24', 'Федотова Оксана Павловна', 31, '+79166464646', 3),
(1, '25', 'Данилов Николай Игоревич', 42, '+79167575757', 1),
(2, '26', 'Комарова Алиса Владимировна', 27, '+79168686868', 2),
(3, '27', 'Щукин Вадим Андреевич', 34, '+79169797979', 3),
(1, '28', 'Ларина Ирина Сергеевна', 32, '+79160808080', 1),
(2, '29', 'Матвеев Евгений Петрович', 40, '+79161919191', 2),
(3, '30', 'Горбунова Наталья Олеговна', 26, '+79163030303', 3),
(1, '31', 'Орехов Артур Дмитриевич', 35, '+79164141414', 1),
(2, '32', 'Селезнева Виктория Александровна', 30, '+79165252525', 2),
(3, '33', 'Егоров Станислав Игоревич', 38, '+79166363636', 3),
(1, '34', 'Зайцева Мария Николаевна', 29, '+79167474747', 1),
(2, '35', 'Исаев Владимир Сергеевич', 43, '+79168585858', 2),
(3, '36', 'Сазонова Елена Викторовна', 28, '+79169696969', 3),
(1, '37', 'Калашников Роман Андреевич', 36, '+79160707070', 1),
(2, '38', 'Широкова Ангелина Павловна', 33, '+79161818181', 2),
(3, '39', 'Носков Алексей Олегович', 41, '+79162929292', 3),
(1, '40', 'Мартынова Кристина Дмитриевна', 27, '+79164040404', 1),
(2, '41', 'Лихачев Михаил Сергеевич', 34, '+79165151515', 2),
(3, '42', 'Гордеева Валерия Игоревна', 31, '+79166262626', 3),
(1, '43', 'Шестаков Григорий Александрович', 39, '+79167373737', 1),
(2, '44', 'Субботина Дарья Петровна', 30, '+79168484848', 2),
(3, '45', 'Тихомиров Борис Николаевич', 44, '+79169595959', 3),
(1, '46', 'Котова Анастасия Владимировна', 29, '+79160606060', 1),
(2, '47', 'Прохоров Илья Андреевич', 37, '+79161717171', 2),
(3, '48', 'Назарова Олеся Сергеевна', 32, '+79162828282', 3),
(1, '49', 'Гаврилов Константин Олегович', 42, '+79163939393', 1),
(2, '50', 'Лобанова Инна Викторовна', 28, '+79165050505', 2);

-- -----------------------------------------------------
-- Table `mydb`.`Contract`
-- -----------------------------------------------------
CREATE TABLE IF NOT EXISTS `mydb`.`Contract` (
  `ID_Contract` INT UNSIGNED NOT NULL AUTO_INCREMENT,
  `Name_contract` VARCHAR(45) NOT NULL,
  `Cost` VARCHAR(45) NOT NULL,
  `date_signing` DATE NOT NULL,
  `Construction_Dates` INT NOT NULL,
  `END_DATE` DATE NOT NULL,
  `Clients_ID_Client` INT UNSIGNED NOT NULL,
  `worker_ID_worker` INT NOT NULL,
  `connection_contract_object_idconnection_contract_object` INT NOT NULL,
  PRIMARY KEY (`ID_Contract`),
  INDEX `fk_Contract_Clients1_idx` (`Clients_ID_Client` ASC) VISIBLE,
  INDEX `fk_Contract_worker1_idx` (`worker_ID_worker` ASC) VISIBLE,
  INDEX `fk_Contract_connection_contract_object1_idx` (`connection_contract_object_idconnection_contract_object` ASC) VISIBLE,
  CONSTRAINT `fk_Contract_Clients1`
    FOREIGN KEY (`Clients_ID_Client`)
    REFERENCES `mydb`.`Clients` (`ID_Client`)
    ON DELETE NO ACTION
    ON UPDATE NO ACTION,
  CONSTRAINT `fk_Contract_worker1`
    FOREIGN KEY (`worker_ID_worker`)
    REFERENCES `mydb`.`worker` (`ID_worker`)
    ON DELETE NO ACTION
    ON UPDATE NO ACTION,
  CONSTRAINT `fk_Contract_connection_contract_object1`
    FOREIGN KEY (`connection_contract_object_idconnection_contract_object`)
    REFERENCES `mydb`.`connection_contract_object` (`idconnection_contract_object`)
    ON DELETE NO ACTION
    ON UPDATE NO ACTION)
ENGINE = InnoDB;

-- Insert data into Contract (50 records) - ID_Contract теперь соответствуют Clients.ID_contract
INSERT INTO `mydb`.`Contract` (`Name_contract`, `Cost`, `date_signing`, `Construction_Dates`, `END_DATE`, `Clients_ID_Client`, `worker_ID_worker`, `connection_contract_object_idconnection_contract_object`) VALUES
('Договор ЖК-001', '5000000', '2024-01-15', 180, '2024-07-13', 1, 1, 1),
('Договор ЖК-002', '7500000', '2024-01-20', 210, '2024-08-17', 2, 2, 2),
('Договор ЖК-003', '3000000', '2024-02-01', 150, '2024-06-30', 3, 3, 3),
('Договор ЖК-004', '6000000', '2024-02-10', 200, '2024-08-28', 4, 4, 4),
('Договор ЖК-005', '12000000', '2024-02-15', 240, '2024-10-12', 5, 5, 5),
('Договор ЖК-006', '4500000', '2024-03-01', 170, '2024-08-18', 6, 6, 6),
('Договор ЖК-007', '3500000', '2024-03-05', 160, '2024-08-12', 7, 7, 7),
('Договор ЖК-008', '5500000', '2024-03-10', 190, '2024-09-16', 8, 8, 8),
('Договор ЖК-009', '10000000', '2024-03-15', 220, '2024-10-21', 9, 9, 9),
('Договор ЖК-010', '2500000', '2024-04-01', 140, '2024-08-19', 10, 10, 10),
('Договор ЖК-011', '4800000', '2024-04-05', 175, '2024-09-27', 11, 11, 11),
('Договор ЖК-012', '8500000', '2024-04-10', 205, '2024-11-01', 12, 12, 12),
('Договор ЖК-013', '5200000', '2024-04-15', 185, '2024-10-17', 13, 13, 13),
('Договор ЖК-014', '2800000', '2024-05-01', 155, '2024-10-03', 14, 14, 14),
('Договор ЖК-015', '11000000', '2024-05-05', 230, '2024-12-21', 15, 15, 15),
('Договор ЖК-016', '4200000', '2024-05-10', 165, '2024-10-22', 16, 16, 16),
('Договор ЖК-017', '3200000', '2024-05-15', 158, '2024-10-20', 17, 17, 17),
('Договор ЖК-018', '5800000', '2024-06-01', 195, '2024-12-13', 18, 18, 18),
('Договор ЖК-019', '12500000', '2024-06-05', 225, '2025-01-16', 19, 19, 19),
('Договор ЖК-020', '2200000', '2024-06-10', 145, '2024-11-02', 20, 20, 20),
('Договор ЖК-021', '4900000', '2024-06-15', 178, '2024-12-10', 21, 21, 21),
('Договор ЖК-022', '8800000', '2024-07-01', 208, '2025-01-25', 22, 22, 22),
('Договор ЖК-023', '5400000', '2024-07-05', 182, '2025-01-03', 23, 23, 23),
('Договор ЖК-024', '2600000', '2024-07-10', 152, '2024-12-09', 24, 24, 24),
('Договор ЖК-025', '13500000', '2024-07-15', 235, '2025-03-06', 25, 25, 25),
('Договор ЖК-026', '4600000', '2024-08-01', 168, '2025-01-16', 26, 26, 26),
('Договор ЖК-027', '3400000', '2024-08-05', 162, '2025-01-14', 27, 27, 27),
('Договор ЖК-028', '5600000', '2024-08-10', 188, '2025-02-14', 28, 28, 28),
('Договор ЖК-029', '12800000', '2024-08-15', 228, '2025-03-30', 29, 29, 29),
('Договор ЖК-030', '2400000', '2024-09-01', 148, '2025-01-27', 30, 30, 30),
('Договор ЖК-031', '5100000', '2024-09-05', 180, '2025-03-04', 31, 31, 31),
('Договор ЖК-032', '9500000', '2024-09-10', 212, '2025-04-09', 32, 32, 32),
('Договор ЖК-033', '5300000', '2024-09-15', 184, '2025-03-18', 33, 33, 33),
('Договор ЖК-034', '2700000', '2024-10-01', 154, '2025-03-04', 34, 34, 34),
('Договор ЖК-035', '14000000', '2024-10-05', 238, '2025-05-30', 35, 35, 35),
('Договор ЖК-036', '4400000', '2024-10-10', 166, '2025-03-25', 36, 36, 36),
('Договор ЖК-037', '3600000', '2024-10-15', 159, '2025-03-23', 37, 37, 37),
('Договор ЖК-038', '5700000', '2024-11-01', 192, '2025-05-12', 38, 38, 38),
('Договор ЖК-039', '13200000', '2024-11-05', 232, '2025-06-14', 39, 39, 39),
('Договор ЖК-040', '2300000', '2024-11-10', 147, '2025-04-05', 40, 40, 40),
('Договор ЖК-041', '4700000', '2024-11-15', 176, '2025-05-10', 41, 41, 41),
('Договор ЖК-042', '9200000', '2024-12-01', 210, '2025-06-28', 42, 42, 42),
('Договор ЖК-043', '5900000', '2024-12-05', 186, '2025-06-08', 43, 43, 43),
('Договор ЖК-044', '2900000', '2024-12-10', 156, '2025-05-15', 44, 44, 44),
('Договор ЖК-045', '14500000', '2024-12-15', 242, '2025-08-14', 45, 45, 45),
('Договор ЖК-046', '4300000', '2025-01-01', 164, '2025-06-14', 46, 46, 46),
('Договор ЖК-047', '3800000', '2025-01-05', 161, '2025-06-15', 47, 47, 47),
('Договор ЖК-048', '6100000', '2025-01-10', 194, '2025-07-23', 48, 48, 48),
('Договор ЖК-049', '13800000', '2025-01-15', 236, '2025-09-07', 49, 49, 49),
('Договор ЖК-050', '2100000', '2025-02-01', 144, '2025-06-25', 50, 50, 50);

-- -----------------------------------------------------
-- Table `mydb`.`object`
-- -----------------------------------------------------
CREATE TABLE IF NOT EXISTS `mydb`.`object` (
  `ID_object` INT NOT NULL AUTO_INCREMENT,
  `square` VARCHAR(45) NOT NULL,
  `cost` VARCHAR(45) NOT NULL,
  `building_dates` VARCHAR(45) NOT NULL,
  `number_floors` INT NOT NULL,
  `parking_space` VARCHAR(45) NOT NULL,
  `connection_contract_object_idconnection_contract_object` INT NOT NULL,
  PRIMARY KEY (`ID_object`),
  INDEX `fk_object_connection_contract_object1_idx` (`connection_contract_object_idconnection_contract_object` ASC) VISIBLE,
  CONSTRAINT `fk_object_connection_contract_object1`
    FOREIGN KEY (`connection_contract_object_idconnection_contract_object`)
    REFERENCES `mydb`.`connection_contract_object` (`idconnection_contract_object`)
    ON DELETE NO ACTION
    ON UPDATE NO ACTION)
ENGINE = InnoDB;

-- Insert data into object (50 records)
INSERT INTO `mydb`.`object` (`square`, `cost`, `building_dates`, `number_floors`, `parking_space`, `connection_contract_object_idconnection_contract_object`) VALUES
('85', '5000000', '180', 9, '50', 1),
('120', '7500000', '210', 12, '80', 2),
('65', '3000000', '150', 5, '30', 3),
('95', '6000000', '200', 8, '60', 4),
('150', '12000000', '240', 16, '120', 5),
('80', '4500000', '170', 7, '45', 6),
('70', '3500000', '160', 6, '35', 7),
('100', '5500000', '190', 10, '65', 8),
('140', '10000000', '220', 14, '100', 9),
('60', '2500000', '140', 4, '25', 10),
('82', '4800000', '175', 8, '48', 11),
('115', '8500000', '205', 11, '75', 12),
('90', '5200000', '185', 9, '55', 13),
('68', '2800000', '155', 5, '28', 14),
('145', '11000000', '230', 15, '110', 15),
('78', '4200000', '165', 7, '42', 16),
('72', '3200000', '158', 6, '32', 17),
('105', '5800000', '195', 10, '58', 18),
('135', '12500000', '225', 14, '125', 19),
('62', '2200000', '145', 4, '22', 20),
('84', '4900000', '178', 8, '49', 21),
('112', '8800000', '208', 11, '88', 22),
('92', '5400000', '182', 9, '54', 23),
('66', '2600000', '152', 5, '26', 24),
('148', '13500000', '235', 16, '135', 25),
('79', '4600000', '168', 7, '46', 26),
('71', '3400000', '162', 6, '34', 27),
('102', '5600000', '188', 10, '56', 28),
('138', '12800000', '228', 15, '128', 29),
('64', '2400000', '148', 4, '24', 30),
('86', '5100000', '180', 8, '51', 31),
('118', '9500000', '212', 12, '95', 32),
('88', '5300000', '184', 9, '53', 33),
('67', '2700000', '154', 5, '27', 34),
('152', '14000000', '238', 17, '140', 35),
('77', '4400000', '166', 7, '44', 36),
('73', '3600000', '159', 6, '36', 37),
('104', '5700000', '192', 10, '57', 38),
('142', '13200000', '232', 15, '132', 39),
('63', '2300000', '147', 4, '23', 40),
('83', '4700000', '176', 8, '47', 41),
('116', '9200000', '210', 11, '92', 42),
('94', '5900000', '186', 9, '59', 43),
('69', '2900000', '156', 5, '29', 44),
('155', '14500000', '242', 17, '145', 45),
('76', '4300000', '164', 7, '43', 46),
('74', '3800000', '161', 6, '38', 47),
('108', '6100000', '194', 10, '61', 48),
('144', '13800000', '236', 16, '138', 49),
('61', '2100000', '144', 4, '21', 50);

SET SQL_MODE=@OLD_SQL_MODE;
SET FOREIGN_KEY_CHECKS=@OLD_FOREIGN_KEY_CHECKS;
SET UNIQUE_CHECKS=@OLD_UNIQUE_CHECKS;