CREATE DATABASE  IF NOT EXISTS `mydb` /*!40100 DEFAULT CHARACTER SET utf8mb3 */ /*!80016 DEFAULT ENCRYPTION='N' */;
USE `mydb`;
-- MySQL dump 10.13  Distrib 8.0.43, for Win64 (x86_64)
--
-- Host: localhost    Database: mydb
-- ------------------------------------------------------
-- Server version	9.4.0

/*!40101 SET @OLD_CHARACTER_SET_CLIENT=@@CHARACTER_SET_CLIENT */;
/*!40101 SET @OLD_CHARACTER_SET_RESULTS=@@CHARACTER_SET_RESULTS */;
/*!40101 SET @OLD_COLLATION_CONNECTION=@@COLLATION_CONNECTION */;
/*!50503 SET NAMES utf8 */;
/*!40103 SET @OLD_TIME_ZONE=@@TIME_ZONE */;
/*!40103 SET TIME_ZONE='+00:00' */;
/*!40014 SET @OLD_UNIQUE_CHECKS=@@UNIQUE_CHECKS, UNIQUE_CHECKS=0 */;
/*!40014 SET @OLD_FOREIGN_KEY_CHECKS=@@FOREIGN_KEY_CHECKS, FOREIGN_KEY_CHECKS=0 */;
/*!40101 SET @OLD_SQL_MODE=@@SQL_MODE, SQL_MODE='NO_AUTO_VALUE_ON_ZERO' */;
/*!40111 SET @OLD_SQL_NOTES=@@SQL_NOTES, SQL_NOTES=0 */;

--
-- Table structure for table `clients`
--

DROP TABLE IF EXISTS `clients`;
/*!40101 SET @saved_cs_client     = @@character_set_client */;
/*!50503 SET character_set_client = utf8mb4 */;
CREATE TABLE `clients` (
  `ID_Client` int unsigned NOT NULL AUTO_INCREMENT,
  `FullName_client` varchar(70) NOT NULL,
  `phone` varchar(45) NOT NULL,
  `Age` int NOT NULL,
  `Status_client_ID_Status_client` int NOT NULL,
  `LTV` decimal(12,0) DEFAULT NULL,
  `Birthday` datetime DEFAULT NULL,
  `IsDeleted` int DEFAULT '0',
  PRIMARY KEY (`ID_Client`),
  KEY `fk_Clients_Status_client1_idx` (`Status_client_ID_Status_client`),
  CONSTRAINT `fk_Clients_Status_client1` FOREIGN KEY (`Status_client_ID_Status_client`) REFERENCES `status_client` (`ID_Status_client`)
) ENGINE=InnoDB AUTO_INCREMENT=54 DEFAULT CHARSET=utf8mb3;
/*!40101 SET character_set_client = @saved_cs_client */;

--
-- Dumping data for table `clients`
--

LOCK TABLES `clients` WRITE;
/*!40000 ALTER TABLE `clients` DISABLE KEYS */;
INSERT INTO `clients` VALUES (1,'Иванов Александр Сергеевич','+79161234567',35,1,50000,'1990-03-14 00:00:00',0),(2,'Петрова Мария Владимировна','+79162345678',41,1,75000,'1984-07-02 00:00:00',0),(3,'Сидоров Дмитрий Петрович','+79163456789',50,2,25000,'1975-10-19 00:00:00',0),(4,'Кузнецова Анна Игоревна','+79164567890',51,1,60000,'1974-10-16 00:00:00',0),(5,'Хокаге','+79165678901',49,4,150000,'1976-12-17 00:00:00',0),(6,'Николаева Екатерина Сергеевна','+79166789012',62,1,45000,'1963-03-24 00:00:00',0),(7,'Морозов Иван Дмитриевич','+79167890123',58,3,30000,'1967-10-11 00:00:00',0),(8,'Орлова Татьяна Викторовна','+79168901234',30,1,55000,'1995-10-26 00:00:00',0),(9,'Федоров Сергей Николаевич','+79169012345',51,4,120000,'1974-09-09 00:00:00',0),(10,'Жукова Ольга Павловна','+79160123456',23,2,20000,'2002-10-24 00:00:00',0),(11,'Громов Алексей Владимирович','+79161234567',24,1,48000,'2001-05-14 00:00:00',0),(12,'Белова Ирина Александровна','+79162345678',33,4,90000,'1992-10-07 00:00:00',0),(13,'Киселев Максим Олегович','+79163456789',56,1,52000,'1969-05-14 00:00:00',0),(14,'Семенова Наталья Дмитриевна','+79164567890',40,2,28000,'1985-03-06 00:00:00',0),(15,'Тихонов Андрей Сергеевич','+79165678901',35,4,110000,'1990-03-11 00:00:00',0),(16,'Мельникова Виктория Игоревна','+79166789012',46,1,42000,'1980-02-24 00:00:00',0),(17,'Захаров Роман Петрович','+79167890123',27,3,32000,'1999-02-25 00:00:00',0),(18,'Соколова Елена Васильевна','+79168901234',30,1,58000,'1995-09-19 00:00:00',0),(19,'Павлов Денис Александрович','+79169012345',27,4,130000,'1998-04-30 00:00:00',0),(20,'Воробьева Марина Сергеевна','+79160123456',33,2,22000,'1992-11-18 00:00:00',0),(21,'Яковлев Артем Игоревич','+79161234567',26,1,49000,'1999-11-23 00:00:00',0),(22,'Новикова Юлия Андреевна','+79162345678',44,4,85000,'1981-03-01 00:00:00',0),(23,'Григорьев Евгений Викторович','+79163456789',25,1,54000,'2000-03-11 00:00:00',0),(24,'Ковалева Анастасия Павловна','+79164567890',23,2,26000,'2002-04-05 00:00:00',0),(25,'Соловьев Владислав Олегович','+79165678901',62,4,140000,'1963-05-01 00:00:00',0),(26,'Егорова Ксения Дмитриевна','+79166789012',31,1,46000,'1995-01-23 00:00:00',0),(27,'Борисов Константин Сергеевич','+79167890123',37,3,34000,'1988-04-17 00:00:00',0),(28,'Романова Алиса Александровна','+79168901234',64,1,56000,'1962-02-10 00:00:00',0),(29,'Власов Михаил Игоревич','+79169012345',33,4,125000,'1992-08-05 00:00:00',0),(30,'Максимова Дарья Викторовна','+79160123456',51,2,24000,'1974-05-21 00:00:00',0),(31,'Филиппов Игорь Николаевич','+79161234567',51,1,51000,'1975-02-06 00:00:00',0),(32,'Данилова Вероника Сергеевна','+79162345678',23,4,95000,'2002-07-16 00:00:00',0),(33,'Александров Станислав Петрович','+79163456789',42,1,53000,'1983-06-14 00:00:00',0),(34,'Степанова Людмила Андреевна','+79164567890',61,2,27000,'1964-11-07 00:00:00',0),(35,'Макаров Виталий Олегович','+79165678901',55,4,135000,'1970-03-16 00:00:00',0),(36,'Калинина Ева Дмитриевна','+79166789012',32,1,44000,'1993-05-11 00:00:00',0),(37,'Зайцев Геннадий Сергеевич','+79167890123',62,3,36000,'1964-01-31 00:00:00',0),(38,'Медведева София Александровна','+79168901234',45,1,57000,'1980-06-18 00:00:00',0),(39,'Ершов Артур Игоревич','+79169012345',48,4,128000,'1978-02-19 00:00:00',0),(40,'Чернова Ангелина Викторовна','+79160123456',22,2,23000,'2003-07-08 00:00:00',0),(41,'Михайлов Руслан Николаевич','+79161234567',50,1,47000,'1975-09-20 00:00:00',0),(42,'Ильина Валерия Сергеевна','+79162345678',20,4,88000,'2006-02-15 00:00:00',0),(43,'Тимофеев Георгий Петрович','+79163456789',59,1,59000,'1967-01-06 00:00:00',0),(44,'Фомина Кристина Андреевна','+79164567890',19,2,29000,'2006-04-04 00:00:00',0),(45,'Щербаков Вадим Олегович','+79165678901',26,4,145000,'1999-11-05 00:00:00',0),(46,'Денисова Арина Дмитриевна','+79166789012',59,1,43000,'1966-11-11 00:00:00',0),(47,'Семенов Валерий Сергеевич','+79167890123',58,3,38000,'1967-11-21 00:00:00',0),(48,'Гусева Элина Александровна','+79168901234',54,1,61000,'1971-03-26 00:00:00',0),(49,'Крылов Антон Игоревич','+79169012345',30,4,132000,'1995-06-30 00:00:00',0),(50,'Осипова Ульяна Викторовна','+79160123456',33,2,21000,'1992-06-15 00:00:00',0),(51,'Ни','577',36,3,657567,'1989-03-31 00:00:00',0),(52,'Ние','577',27,2,657567,'1998-09-12 00:00:00',0),(53,'ывапвап','+7 (224) 234-23-42',25,2,4234,'2000-07-14 00:00:00',0);
/*!40000 ALTER TABLE `clients` ENABLE KEYS */;
UNLOCK TABLES;

--
-- Table structure for table `connection_contract_object`
--

DROP TABLE IF EXISTS `connection_contract_object`;
/*!40101 SET @saved_cs_client     = @@character_set_client */;
/*!50503 SET character_set_client = utf8mb4 */;
CREATE TABLE `connection_contract_object` (
  `idconnection_contract_object` int NOT NULL AUTO_INCREMENT,
  PRIMARY KEY (`idconnection_contract_object`)
) ENGINE=InnoDB AUTO_INCREMENT=51 DEFAULT CHARSET=utf8mb3;
/*!40101 SET character_set_client = @saved_cs_client */;

--
-- Dumping data for table `connection_contract_object`
--

LOCK TABLES `connection_contract_object` WRITE;
/*!40000 ALTER TABLE `connection_contract_object` DISABLE KEYS */;
INSERT INTO `connection_contract_object` VALUES (1),(2),(3),(4),(5),(6),(7),(8),(9),(10),(11),(12),(13),(14),(15),(16),(17),(18),(19),(20),(21),(22),(23),(24),(25),(26),(27),(28),(29),(30),(31),(32),(33),(34),(35),(36),(37),(38),(39),(40),(41),(42),(43),(44),(45),(46),(47),(48),(49),(50);
/*!40000 ALTER TABLE `connection_contract_object` ENABLE KEYS */;
UNLOCK TABLES;

--
-- Table structure for table `contract`
--

DROP TABLE IF EXISTS `contract`;
/*!40101 SET @saved_cs_client     = @@character_set_client */;
/*!50503 SET character_set_client = utf8mb4 */;
CREATE TABLE `contract` (
  `ID_Contract` int unsigned NOT NULL AUTO_INCREMENT,
  `Name_contract` varchar(45) NOT NULL,
  `Cost` varchar(45) NOT NULL,
  `date_signing` date NOT NULL,
  `Construction_Dates` int NOT NULL,
  `END_DATE` date NOT NULL,
  `Clients_ID_Client` int unsigned NOT NULL,
  `worker_ID_worker` int NOT NULL,
  `connection_contract_object_idconnection_contract_object` int NOT NULL,
  PRIMARY KEY (`ID_Contract`),
  KEY `fk_Contract_Clients1_idx` (`Clients_ID_Client`),
  KEY `fk_Contract_worker1_idx` (`worker_ID_worker`),
  KEY `fk_Contract_connection_contract_object1_idx` (`connection_contract_object_idconnection_contract_object`),
  CONSTRAINT `fk_Contract_Clients1` FOREIGN KEY (`Clients_ID_Client`) REFERENCES `clients` (`ID_Client`),
  CONSTRAINT `fk_Contract_connection_contract_object1` FOREIGN KEY (`connection_contract_object_idconnection_contract_object`) REFERENCES `connection_contract_object` (`idconnection_contract_object`),
  CONSTRAINT `fk_Contract_worker1` FOREIGN KEY (`worker_ID_worker`) REFERENCES `worker` (`ID_worker`)
) ENGINE=InnoDB AUTO_INCREMENT=51 DEFAULT CHARSET=utf8mb3;
/*!40101 SET character_set_client = @saved_cs_client */;

--
-- Dumping data for table `contract`
--

LOCK TABLES `contract` WRITE;
/*!40000 ALTER TABLE `contract` DISABLE KEYS */;
INSERT INTO `contract` VALUES (1,'Договор ЖК-001','5000000','2024-01-15',180,'2024-07-13',1,1,1),(2,'Договор ЖК-002','7500000','2024-01-20',210,'2024-08-17',2,2,2),(3,'Договор ЖК-003','3000000','2024-02-01',150,'2024-06-30',3,3,3),(4,'Договор ЖК-004','6000000','2024-02-10',200,'2024-08-28',4,4,4),(5,'Договор ЖК-005','12000000','2024-02-15',240,'2024-10-12',5,5,5),(6,'Договор ЖК-006','4500000','2024-03-01',170,'2024-08-18',6,6,6),(7,'Договор ЖК-007','3500000','2024-03-05',160,'2024-08-12',7,7,7),(8,'Договор ЖК-008','5500000','2024-03-10',190,'2024-09-16',8,8,8),(9,'Договор ЖК-009','10000000','2024-03-15',220,'2024-10-21',9,9,9),(10,'Договор ЖК-010','2500000','2024-04-01',140,'2024-08-19',10,10,10),(11,'Договор ЖК-011','4800000','2024-04-05',175,'2024-09-27',11,11,11),(12,'Договор ЖК-012','8500000','2024-04-10',205,'2024-11-01',12,12,12),(13,'Договор ЖК-013','5200000','2024-04-15',185,'2024-10-17',13,13,13),(14,'Договор ЖК-014','2800000','2024-05-01',155,'2024-10-03',14,14,14),(15,'Договор ЖК-015','11000000','2024-05-05',230,'2024-12-21',15,15,15),(16,'Договор ЖК-016','4200000','2024-05-10',165,'2024-10-22',16,16,16),(17,'Договор ЖК-017','3200000','2024-05-15',158,'2024-10-20',17,17,17),(18,'Договор ЖК-018','5800000','2024-06-01',195,'2024-12-13',18,18,18),(19,'Договор ЖК-019','12500000','2024-06-05',225,'2025-01-16',19,19,19),(20,'Договор ЖК-020','2200000','2024-06-10',145,'2024-11-02',20,20,20),(21,'Договор ЖК-021','4900000','2024-06-15',178,'2024-12-10',21,21,21),(22,'Договор ЖК-022','8800000','2024-07-01',208,'2025-01-25',22,22,22),(23,'Договор ЖК-023','5400000','2024-07-05',182,'2025-01-03',23,23,23),(24,'Договор ЖК-024','2600000','2024-07-10',152,'2024-12-09',24,24,24),(25,'Договор ЖК-025','13500000','2024-07-15',235,'2025-03-06',25,25,25),(26,'Договор ЖК-026','4600000','2024-08-01',168,'2025-01-16',26,26,26),(27,'Договор ЖК-027','3400000','2024-08-05',162,'2025-01-14',27,27,27),(28,'Договор ЖК-028','5600000','2024-08-10',188,'2025-02-14',28,28,28),(29,'Договор ЖК-029','12800000','2024-08-15',228,'2025-03-30',29,29,29),(30,'Договор ЖК-030','2400000','2024-09-01',148,'2025-01-27',30,30,30),(31,'Договор ЖК-031','5100000','2024-09-05',180,'2025-03-04',31,31,31),(32,'Договор ЖК-032','9500000','2024-09-10',212,'2025-04-09',32,32,32),(33,'Договор ЖК-033','5300000','2024-09-15',184,'2025-03-18',33,33,33),(34,'Договор ЖК-034','2700000','2024-10-01',154,'2025-03-04',34,34,34),(35,'Договор ЖК-035','14000000','2024-10-05',238,'2025-05-30',35,35,35),(36,'Договор ЖК-036','4400000','2024-10-10',166,'2025-03-25',36,36,36),(37,'Договор ЖК-037','3600000','2024-10-15',159,'2025-03-23',37,37,37),(38,'Договор ЖК-038','5700000','2024-11-01',192,'2025-05-12',38,38,38),(39,'Договор ЖК-039','13200000','2024-11-05',232,'2025-06-14',39,39,39),(40,'Договор ЖК-040','2300000','2024-11-10',147,'2025-04-05',40,40,40),(41,'Договор ЖК-041','4700000','2024-11-15',176,'2025-05-10',41,41,41),(42,'Договор ЖК-042','9200000','2024-12-01',210,'2025-06-28',42,42,42),(43,'Договор ЖК-043','5900000','2024-12-05',186,'2025-06-08',43,43,43),(44,'Договор ЖК-044','2900000','2024-12-10',156,'2025-05-15',44,44,44),(45,'Договор ЖК-045','14500000','2024-12-15',242,'2025-08-14',45,45,45),(46,'Договор ЖК-046','4300000','2025-01-01',164,'2025-06-14',46,46,46),(47,'Договор ЖК-047','3800000','2025-01-05',161,'2025-06-15',47,47,47),(48,'Договор ЖК-048','6100000','2025-01-10',194,'2025-07-23',48,48,48),(49,'Договор ЖК-049','13800000','2025-01-15',236,'2025-09-07',49,49,49),(50,'Договор ЖК-050','2100000','2025-02-01',144,'2025-06-25',50,50,50);
/*!40000 ALTER TABLE `contract` ENABLE KEYS */;
UNLOCK TABLES;

--
-- Table structure for table `object`
--

DROP TABLE IF EXISTS `object`;
/*!40101 SET @saved_cs_client     = @@character_set_client */;
/*!50503 SET character_set_client = utf8mb4 */;
CREATE TABLE `object` (
  `ID_object` int NOT NULL AUTO_INCREMENT,
  `square` decimal(50,0) NOT NULL,
  `cost` decimal(50,0) NOT NULL,
  `building_dates` int NOT NULL,
  `number_floors` int NOT NULL,
  `parking_space` decimal(50,0) NOT NULL,
  `connection_contract_object_idconnection_contract_object` int DEFAULT NULL,
  `photo` varchar(50) DEFAULT NULL,
  `IsDeleted` int DEFAULT '0',
  PRIMARY KEY (`ID_object`),
  KEY `fk_object_connection_contract_object1_idx` (`connection_contract_object_idconnection_contract_object`),
  CONSTRAINT `fk_object_connection_contract_object1` FOREIGN KEY (`connection_contract_object_idconnection_contract_object`) REFERENCES `connection_contract_object` (`idconnection_contract_object`)
) ENGINE=InnoDB AUTO_INCREMENT=55 DEFAULT CHARSET=utf8mb3;
/*!40101 SET character_set_client = @saved_cs_client */;

--
-- Dumping data for table `object`
--

LOCK TABLES `object` WRITE;
/*!40000 ALTER TABLE `object` DISABLE KEYS */;
INSERT INTO `object` VALUES (1,85,5000000,180,9,50,1,NULL,1),(2,120,7500000,210,12,80,2,NULL,1),(3,65,3000000,150,5,30,3,NULL,0),(4,95,6000000,200,8,60,4,NULL,1),(5,150,12000000,240,16,120,5,NULL,0),(6,80,4500000,170,7,45,6,NULL,0),(7,70,3500000,160,6,35,7,NULL,0),(8,100,5500000,190,10,65,8,NULL,0),(9,140,10000000,220,14,100,9,NULL,0),(10,60,2500000,140,4,25,10,NULL,0),(11,82,4800000,175,8,48,11,NULL,0),(12,115,8500000,205,11,75,12,NULL,1),(13,90,5200000,185,9,55,13,NULL,0),(14,68,2800000,155,5,28,14,NULL,0),(15,145,11000000,230,15,110,15,NULL,0),(16,78,4200000,165,7,42,16,NULL,0),(17,72,3200000,158,6,32,17,NULL,0),(18,105,5800000,195,10,58,18,NULL,0),(19,135,12500000,225,14,125,19,NULL,0),(20,62,2200000,145,4,22,20,NULL,0),(21,84,4900000,178,8,49,21,NULL,0),(22,112,8800000,208,11,88,22,NULL,0),(23,92,5400000,182,9,54,23,NULL,0),(24,66,2600000,152,5,26,24,NULL,0),(25,148,13500000,235,16,135,25,NULL,0),(26,79,4600000,168,7,46,26,NULL,0),(27,71,3400000,162,6,34,27,NULL,0),(28,102,5600000,188,10,56,28,NULL,0),(29,138,12800000,228,15,128,29,NULL,0),(30,64,2400000,148,4,24,30,NULL,0),(31,86,5100000,180,8,51,31,NULL,0),(32,118,9500000,212,12,95,32,NULL,0),(33,88,5300000,184,9,53,33,NULL,0),(34,67,2700000,154,5,27,34,NULL,0),(35,152,14000000,238,17,140,35,NULL,0),(36,77,4400000,166,7,44,36,NULL,0),(37,73,3600000,159,6,36,37,NULL,0),(38,104,5700000,192,10,57,38,NULL,0),(39,142,13200000,232,15,132,39,NULL,0),(40,63,2300000,147,4,23,40,NULL,0),(41,83,4700000,176,8,47,41,NULL,0),(42,116,9200000,210,11,92,42,NULL,0),(43,94,5900000,186,9,59,43,NULL,0),(44,69,2900000,156,5,29,44,NULL,0),(45,155,14500000,242,17,145,45,NULL,0),(46,76,4300000,164,7,43,46,NULL,0),(47,74,3800000,161,6,38,47,NULL,0),(48,108,6100000,194,10,61,48,NULL,0),(49,144,13800000,236,16,138,49,NULL,0),(50,61,2100000,144,4,21,50,NULL,0),(51,3,3,3,3,3,NULL,'Frame 6.png',0),(52,3,3,3,3,3,NULL,'04070c7c-1b58-4d18-807b-68c77d1bff38.png',0),(53,3,3,3,3,3,NULL,'Frame 4.png',0),(54,3,33,54,3,45,NULL,'баннер (2).png',0);
/*!40000 ALTER TABLE `object` ENABLE KEYS */;
UNLOCK TABLES;

--
-- Table structure for table `role_worker`
--

DROP TABLE IF EXISTS `role_worker`;
/*!40101 SET @saved_cs_client     = @@character_set_client */;
/*!50503 SET character_set_client = utf8mb4 */;
CREATE TABLE `role_worker` (
  `ID_Role` int NOT NULL AUTO_INCREMENT,
  `Role` varchar(45) NOT NULL,
  PRIMARY KEY (`ID_Role`)
) ENGINE=InnoDB AUTO_INCREMENT=7 DEFAULT CHARSET=utf8mb3;
/*!40101 SET character_set_client = @saved_cs_client */;

--
-- Dumping data for table `role_worker`
--

LOCK TABLES `role_worker` WRITE;
/*!40000 ALTER TABLE `role_worker` DISABLE KEYS */;
INSERT INTO `role_worker` VALUES (1,'Админ'),(2,'Менеджер'),(3,'Руководитель'),(4,'Админ'),(5,'Менеджер'),(6,'Руководитель');
/*!40000 ALTER TABLE `role_worker` ENABLE KEYS */;
UNLOCK TABLES;

--
-- Table structure for table `status_client`
--

DROP TABLE IF EXISTS `status_client`;
/*!40101 SET @saved_cs_client     = @@character_set_client */;
/*!50503 SET character_set_client = utf8mb4 */;
CREATE TABLE `status_client` (
  `ID_Status_client` int NOT NULL AUTO_INCREMENT,
  `status` varchar(45) DEFAULT NULL,
  `IsDeleted` int DEFAULT '0',
  PRIMARY KEY (`ID_Status_client`)
) ENGINE=InnoDB AUTO_INCREMENT=10 DEFAULT CHARSET=utf8mb3;
/*!40101 SET character_set_client = @saved_cs_client */;

--
-- Dumping data for table `status_client`
--

LOCK TABLES `status_client` WRITE;
/*!40000 ALTER TABLE `status_client` DISABLE KEYS */;
INSERT INTO `status_client` VALUES (1,'Идет строительство',0),(2,'Подписываем договор',0),(3,'Буфер2',0),(4,'Завершён',1),(9,'Завершен',0);
/*!40000 ALTER TABLE `status_client` ENABLE KEYS */;
UNLOCK TABLES;

--
-- Table structure for table `worker`
--

DROP TABLE IF EXISTS `worker`;
/*!40101 SET @saved_cs_client     = @@character_set_client */;
/*!50503 SET character_set_client = utf8mb4 */;
CREATE TABLE `worker` (
  `ID_worker` int NOT NULL AUTO_INCREMENT,
  `ID_Clientsl` varchar(45) NOT NULL,
  `FIO` varchar(100) DEFAULT NULL,
  `Age` int DEFAULT NULL,
  `phone` varchar(45) NOT NULL,
  `Role_worker_ID_Role` int NOT NULL,
  `IsDeleted` int DEFAULT '0',
  `workercol` varchar(45) DEFAULT NULL,
  PRIMARY KEY (`ID_worker`),
  UNIQUE KEY `ID_worker_UNIQUE` (`ID_worker`),
  KEY `fk_worker_Role_worker1_idx` (`Role_worker_ID_Role`),
  CONSTRAINT `fk_worker_Role_worker1` FOREIGN KEY (`Role_worker_ID_Role`) REFERENCES `role_worker` (`ID_Role`)
) ENGINE=InnoDB AUTO_INCREMENT=51 DEFAULT CHARSET=utf8mb3;
/*!40101 SET character_set_client = @saved_cs_client */;

--
-- Dumping data for table `worker`
--

LOCK TABLES `worker` WRITE;
/*!40000 ALTER TABLE `worker` DISABLE KEYS */;
INSERT INTO `worker` VALUES (1,'1','Смирнов Алексей Владимирович',32,'+79161111111',1,0,NULL),(2,'2','Козлова Елена Михайловна',28,'+79162222222',2,0,NULL),(3,'3','Лебедев Дмитрий Сергеевич',35,'+79163333333',3,0,NULL),(4,'4','Новикова Ирина Петровна',30,'+79164444444',1,0,NULL),(5,'5','Морозов Андрей Николаевич',40,'+79165555555',2,0,NULL),(6,'6','Волкова Светлана Александровна',29,'+79166666666',3,0,NULL),(7,'7','Алексеев Павел Игоревич',33,'+79167777777',1,0,NULL),(8,'8','Павлова Ольга Викторовна',31,'+79168888888',2,0,NULL),(9,'9','Семенов Роман Дмитриевич',38,'+79169999999',3,0,NULL),(10,'10','Фролова Марина Сергеевна',27,'+79161010101',1,0,NULL),(11,'11','Голубев Иван Алексеевич',34,'+79162121212',2,0,NULL),(12,'12','Кудрявцева Анна Андреевна',26,'+79163232323',3,0,NULL),(13,'13','Беляев Сергей Владимирович',36,'+79164343434',1,0,NULL),(14,'14','Маркова Татьяна Олеговна',32,'+79165454545',2,0,NULL),(15,'15','Тарасов Виктор Петрович',41,'+79166565656',3,0,NULL),(16,'16','Власова Екатерина Игоревна',28,'+79167676767',1,0,NULL),(17,'17','Миронов Артем Сергеевич',35,'+79168787878',2,0,NULL),(18,'18','Журавлева Надежда Александровна',30,'+79169898989',3,0,NULL),(19,'19','Савельев Денис Николаевич',39,'+79160909090',1,0,NULL),(20,'20','Рыбакова Любовь Викторовна',29,'+79162020202',2,0,NULL),(21,'21','Суханов Максим Олегович',33,'+79163131313',3,0,NULL),(22,'22','Маслова Юлия Дмитриевна',25,'+79164242424',1,0,NULL),(23,'23','Ефимов Александр Сергеевич',37,'+79165353535',2,0,NULL),(24,'24','Федотова Оксана Павловна',31,'+79166464646',3,0,NULL),(25,'25','Данилов Николай Игоревич',42,'+79167575757',1,0,NULL),(26,'26','Комарова Алиса Владимировна',27,'+79168686868',2,0,NULL),(27,'27','Щукин Вадим Андреевич',34,'+79169797979',3,0,NULL),(28,'28','Ларина Ирина Сергеевна',32,'+79160808080',1,0,NULL),(29,'29','Матвеев Евгений Петрович',40,'+79161919191',2,0,NULL),(30,'30','Горбунова Наталья Олеговна',26,'+79163030303',3,0,NULL),(31,'31','Орехов Артур Дмитриевич',35,'+79164141414',1,0,NULL),(32,'32','Селезнева Виктория Александровна',30,'+79165252525',2,0,NULL),(33,'33','Егоров Станислав Игоревич',38,'+79166363636',3,0,NULL),(34,'34','Зайцева Мария Николаевна',29,'+79167474747',1,0,NULL),(35,'35','Исаев Владимир Сергеевич',43,'+79168585858',2,0,NULL),(36,'36','Сазонова Елена Викторовна',28,'+79169696969',3,0,NULL),(37,'37','Калашников Роман Андреевич',36,'+79160707070',1,0,NULL),(38,'38','Широкова Ангелина Павловна',33,'+79161818181',2,0,NULL),(39,'39','Носков Алексей Олегович',41,'+79162929292',3,0,NULL),(40,'40','Мартынова Кристина Дмитриевна',27,'+79164040404',1,0,NULL),(41,'41','Лихачев Михаил Сергеевич',34,'+79165151515',2,0,NULL),(42,'42','Гордеева Валерия Игоревна',31,'+79166262626',3,0,NULL),(43,'43','Шестаков Григорий Александрович',39,'+79167373737',1,0,NULL),(44,'44','Субботина Дарья Петровна',30,'+79168484848',2,0,NULL),(45,'45','Тихомиров Борис Николаевич',44,'+79169595959',3,0,NULL),(46,'46','Котова Анастасия Владимировна',29,'+79160606060',1,0,NULL),(47,'47','Прохоров Илья Андреевич',37,'+79161717171',2,0,NULL),(48,'48','Назарова Олеся Сергеевна',32,'+79162828282',3,0,NULL),(49,'49','Гаврилов Константин Олегович',42,'+79163939393',1,0,NULL),(50,'50','Лобанова Инна Викторовна',28,'+79165050505',2,0,NULL);
/*!40000 ALTER TABLE `worker` ENABLE KEYS */;
UNLOCK TABLES;

--
-- Dumping events for database 'mydb'
--

--
-- Dumping routines for database 'mydb'
--
/*!40103 SET TIME_ZONE=@OLD_TIME_ZONE */;

/*!40101 SET SQL_MODE=@OLD_SQL_MODE */;
/*!40014 SET FOREIGN_KEY_CHECKS=@OLD_FOREIGN_KEY_CHECKS */;
/*!40014 SET UNIQUE_CHECKS=@OLD_UNIQUE_CHECKS */;
/*!40101 SET CHARACTER_SET_CLIENT=@OLD_CHARACTER_SET_CLIENT */;
/*!40101 SET CHARACTER_SET_RESULTS=@OLD_CHARACTER_SET_RESULTS */;
/*!40101 SET COLLATION_CONNECTION=@OLD_COLLATION_CONNECTION */;
/*!40111 SET SQL_NOTES=@OLD_SQL_NOTES */;

-- Dump completed on 2026-02-25 17:27:58
